{"best/epoch": 98, "best/precision": 0.9032098716392079, "best/recall": 0.962859934779767, "best/mAP_0.5": 0.9685839576923857, "best/mAP_0.5:0.95": 0.8996580326222459, "Labels": {"_type": "images/separated", "width": 2000, "height": 2000, "format": "jpg", "count": 2, "filenames": ["media/images/Labels_0_16c07c657cfc6937caba.jpg", "media/images/Labels_0_514dd4c5b4eddb0a5d70.jpg"], "captions": ["labels_correlogram.jpg", "labels.jpg"]}, "Mosaics": {"_type": "images/separated", "width": 1920, "height": 1920, "format": "jpg", "count": 3, "filenames": ["media/images/Mosaics_0_beeb3c0e661011ffd46c.jpg", "media/images/Mosaics_0_ae3e3376f4c6dbb9e92a.jpg", "media/images/Mosaics_0_f2451a8e41d760e8fd77.jpg"], "captions": ["train_batch0.jpg", "train_batch1.jpg", "train_batch2.jpg"]}, "train/box_loss": 0.010945283807814121, "train/obj_loss": 0.007851412519812584, "train/cls_loss": 0.0013651824556291103, "metrics/precision": 0.9032866175835282, "metrics/recall": 0.962859934779767, "metrics/mAP_0.5": 0.968544661426716, "metrics/mAP_0.5:0.95": 0.8993340952119705, "val/box_loss": 0.005760862026363611, "val/obj_loss": 0.0036966074258089066, "val/cls_loss": 0.0003372743958607316, "x/lr0": 0.0002980000000000002, "x/lr1": 0.0002980000000000002, "x/lr2": 0.0002980000000000002, "_timestamp": 1651048285, "_runtime": 29933, "_step": 100, "BoundingBoxDebugger": {"_type": "images/separated", "width": 672, "height": 384, "format": "png", "count": 16, "filenames": ["media/images/BoundingBoxDebugger_99_9ee84f8c90ed6e5c5f1c.png", "media/images/BoundingBoxDebugger_99_d8a4a7ae5a10b0bd1c95.png", "media/images/BoundingBoxDebugger_99_b2c4c50d3b906f1afe4c.png", "media/images/BoundingBoxDebugger_99_5d5e2fae55dad8ff13b7.png", "media/images/BoundingBoxDebugger_99_88e6f1fe05bddedda247.png", "media/images/BoundingBoxDebugger_99_6646937e229e896f9629.png", "media/images/BoundingBoxDebugger_99_bb89ccd6988ad606782d.png", "media/images/BoundingBoxDebugger_99_5ecf3d139ae7256d8b6c.png", "media/images/BoundingBoxDebugger_99_68d2762ea194f332fc05.png", "media/images/BoundingBoxDebugger_99_75d5eac4fd1652633c62.png", "media/images/BoundingBoxDebugger_99_f9dfba62a0923148d42e.png", "media/images/BoundingBoxDebugger_99_ad92f3f8384aca230595.png", "media/images/BoundingBoxDebugger_99_353edb8b40d2f5384ef0.png", "media/images/BoundingBoxDebugger_99_588040c6352cee67e852.png", "media/images/BoundingBoxDebugger_99_4f54e46b6ef3406988c8.png", "media/images/BoundingBoxDebugger_99_e0371f74a27469eb3f93.png"], "captions": ["115610_objt_rs_2020-12-15_11-41-28-66_003.jpg", "474763_objt_kr_2021-01-27_17-37-18-33_002.jpg", "475463_objt_of_2021-01-29_10-12-20-00_001.jpg", "476557_objt_of_2021-01-28_09-40-44-66_003.jpg", "477349_objt_rb_2021-01-27_12-02-42-66_003.jpg", "477943_objt_rb_2021-01-13_16-52-31-00_001.jpg", "478401_objt_rb_2021-01-13_17-09-07-33_002.jpg", "478456_objt_rb_2021-01-13_11-55-33-33_002.jpg", "479731_objt_kr_2021-01-27_19-04-11-00_001.jpg", "480294_objt_rb_2021-01-29_09-19-04-33_002.jpg", "480373_objt_rb_2021-01-29_09-26-02-33_002.jpg", "480451_objt_rb_2021-01-29_09-31-30-66_003.jpg", "481053_objt_rb_2021-01-29_09-59-38-66_003.jpg", "482259_objt_rb_2021-01-13_10-18-04-66_003.jpg", "483201_objt_of_2021-01-27_14-01-27-33_002.jpg", "484149_objt_kr_2021-01-27_19-27-37-33_002.jpg"], "all_boxes": [{"predictions": {"_type": "boxes2D", "sha256": "0ef56b3a8e3a60a36db9bd95d9568e001cd912fe4846e01754039d054b569979", "size": 1155, "path": "media/metadata/boxes2D/BoundingBoxDebugger_99_0ef56b3a8e3a60a36db9.boxes2D.json"}}, {"predictions": {"_type": "boxes2D", "sha256": "cffc2e3644a7ed0dfe5804a69478901211df7629e8c1ad09b8c2accc3f7b3952", "size": 756, "path": "media/metadata/boxes2D/BoundingBoxDebugger_99_cffc2e3644a7ed0dfe58.boxes2D.json"}}, {"predictions": {"_type": "boxes2D", "sha256": "f39eaaf5fe4b2dcfd8f48449902de43eac0eb4a9f3a7496b32cd5d25460536f2", "size": 547, "path": "media/metadata/boxes2D/BoundingBoxDebugger_99_f39eaaf5fe4b2dcfd8f4.boxes2D.json"}}, {"predictions": {"_type": "boxes2D", "sha256": "34c69a99c45eb98cf847eabb421f023aec2b69508fc378608d519d4121efdf67", "size": 1133, "path": "media/metadata/boxes2D/BoundingBoxDebugger_99_34c69a99c45eb98cf847.boxes2D.json"}}, {"predictions": {"_type": "boxes2D", "sha256": "1f7344242d044234fc1185d15ed636744cb4715de7826450d5476dd94797f72c", "size": 740, "path": "media/metadata/boxes2D/BoundingBoxDebugger_99_1f7344242d044234fc11.boxes2D.json"}}, {"predictions": {"_type": "boxes2D", "sha256": "3df824c3a41c2c049625567c5d12a6c84643b99d4830ba44b0a2ccf65d172ff1", "size": 741, "path": "media/metadata/boxes2D/BoundingBoxDebugger_99_3df824c3a41c2c049625.boxes2D.json"}}, {"predictions": {"_type": "boxes2D", "sha256": "3810a042d7e2330d293d2c36430147210f36c2928e018565926a11f477bf7606", "size": 546, "path": "media/metadata/boxes2D/BoundingBoxDebugger_99_3810a042d7e2330d293d.boxes2D.json"}}, {"predictions": {"_type": "boxes2D", "sha256": "e517d727bf54452ac4f6488095537eea63e1a31029bd55109786cfaaab52a834", "size": 1150, "path": "media/metadata/boxes2D/BoundingBoxDebugger_99_e517d727bf54452ac4f6.boxes2D.json"}}, {"predictions": {"_type": "boxes2D", "sha256": "36e40794ebf4251560334ce3491634d78ea0c814bbfd8116365d84714dbf1211", "size": 354, "path": "media/metadata/boxes2D/BoundingBoxDebugger_99_36e40794ebf425156033.boxes2D.json"}}, {"predictions": {"_type": "boxes2D", "sha256": "2bc4c4b3ce8bf01d7aee46593d1a24117440b225802c7f328d9a389af322a5f4", "size": 738, "path": "media/metadata/boxes2D/BoundingBoxDebugger_99_2bc4c4b3ce8bf01d7aee.boxes2D.json"}}, {"predictions": {"_type": "boxes2D", "sha256": "b883e13ceecfc00a562c0bda8d3ec103ff748c52f0bc3a97d5cf34acf937f152", "size": 948, "path": "media/metadata/boxes2D/BoundingBoxDebugger_99_b883e13ceecfc00a562c.boxes2D.json"}}, {"predictions": {"_type": "boxes2D", "sha256": "987d2bad00e3edd6059dd2502b11d138c3526e29df8c0192c7c993a43d87fb2a", "size": 749, "path": "media/metadata/boxes2D/BoundingBoxDebugger_99_987d2bad00e3edd6059d.boxes2D.json"}}, {"predictions": {"_type": "boxes2D", "sha256": "296c45d610993524af461ed216267cf93fbc81c9721fcea14cfb6d65348c033a", "size": 550, "path": "media/metadata/boxes2D/BoundingBoxDebugger_99_296c45d610993524af46.boxes2D.json"}}, {"predictions": {"_type": "boxes2D", "sha256": "bf60ea84bd6d2a5cf95ee927f51752cf768e9eaf2059d0695f9d12208fb1212d", "size": 1154, "path": "media/metadata/boxes2D/BoundingBoxDebugger_99_bf60ea84bd6d2a5cf95e.boxes2D.json"}}, {"predictions": {"_type": "boxes2D", "sha256": "a1824572dfb1bf16ed5602811512c6690e80923ab8436df79c15c2d343cae857", "size": 944, "path": "media/metadata/boxes2D/BoundingBoxDebugger_99_a1824572dfb1bf16ed56.boxes2D.json"}}, {"predictions": {"_type": "boxes2D", "sha256": "62a63efca745483fea69f208d0873df4a3d2623d10a9924163ee9872785f3f45", "size": 751, "path": "media/metadata/boxes2D/BoundingBoxDebugger_99_62a63efca745483fea69.boxes2D.json"}}]}, "Validation": {"_type": "images/separated", "width": 1920, "height": 1100, "format": "jpg", "count": 6, "filenames": ["media/images/Validation_100_e36023c8cdcb7d24d8f6.jpg", "media/images/Validation_100_6506420df88732373e16.jpg", "media/images/Validation_100_222918bc24ab179b7d1a.jpg", "media/images/Validation_100_264437d1669048782c16.jpg", "media/images/Validation_100_103cbe9ce5310a8f3fd5.jpg", "media/images/Validation_100_98384a34baf6b1923d26.jpg"], "captions": ["val_batch0_labels.jpg", "val_batch0_pred.jpg", "val_batch1_labels.jpg", "val_batch1_pred.jpg", "val_batch2_labels.jpg", "val_batch2_pred.jpg"]}, "Results": {"_type": "images/separated", "width": 2400, "height": 1200, "format": "png", "count": 6, "filenames": ["media/images/Results_100_ed1d8e30a5d84cfb11f3.png", "media/images/Results_100_cdcc2bee6953e4aa4b07.png", "media/images/Results_100_409f035e3162ae304985.png", "media/images/Results_100_90bff08534bb6132b433.png", "media/images/Results_100_6b1b3b867d89d13ef5d5.png", "media/images/Results_100_e1cd9debcbbe7b276302.png"],